"","study","survey","varNam"
"1","S1","pre","StartDate"
"2","S1","pre","EndDate"
"3","S1","pre","IPAddress"
"4","S1","pre","Progress"
"5","S1","pre","Duration__in_seconds_"
"6","S1","pre","Finished"
"7","S1","pre","RecordedDate"
"8","S1","pre","ResponseId"
"9","S1","pre","LocationLatitude"
"10","S1","pre","LocationLongitude"
"11","S1","pre","DistributionChannel"
"12","S1","pre","UserLanguage"
"13","S1","pre","Meta_Browser"
"14","S1","pre","Meta_Version"
"15","S1","pre","Meta_Operating_System"
"16","S1","pre","Meta_Resolution"
"17","S1","pre","name_1.0"
"18","S1","pre","PPP_1"
"19","S1","pre","e_mail_1"
"20","S1","pre","t_contact_First_Click"
"21","S1","pre","t_contact_Last_Click"
"22","S1","pre","t_contact_Page_Submit"
"23","S1","pre","t_contact_Click_Count"
"24","S1","pre","age"
"25","S1","pre","Gender"
"26","S1","pre","Gender_6_TEXT"
"27","S1","pre","Living"
"28","S1","pre","roommate_1"
"29","S1","pre","roommate_2"
"30","S1","pre","roommate_3"
"31","S1","pre","nationality"
"32","S1","pre","QsecondNat"
"33","S1","pre","SecondNationality"
"34","S1","pre","timeNL_1"
"35","S1","pre","Reason_1"
"36","S1","pre","Reason_2"
"37","S1","pre","Reason_3"
"38","S1","pre","Reason_4"
"39","S1","pre","Reason_5"
"40","S1","pre","Reason_6"
"41","S1","pre","Reason_7"
"42","S1","pre","Reason_8"
"43","S1","pre","Reason_8_TEXT"
"44","S1","pre","DutchLang"
"45","S1","pre","occupation_1"
"46","S1","pre","occupation_2"
"47","S1","pre","occupation_3"
"48","S1","pre","occupation_4"
"49","S1","pre","occupation_5"
"50","S1","pre","occupation_6"
"51","S1","pre","occupation_7"
"52","S1","pre","occupation_8"
"53","S1","pre","occupation_8_TEXT"
"54","S1","pre","CurrentEducation_1"
"55","S1","pre","CurrentEducation_2"
"56","S1","pre","CurrentEducation_7"
"57","S1","pre","CurrentEducation_6"
"58","S1","pre","CurrentEducation_6_TEXT"
"59","S1","pre","education_level_1"
"60","S1","pre","education_level_2"
"61","S1","pre","education_level_3"
"62","S1","pre","education_level_4"
"63","S1","pre","education_level_7"
"64","S1","pre","education_level_8"
"65","S1","pre","education_level_8_TEXT"
"66","S1","pre","education_level"
"67","S1","pre","EduLang_1"
"68","S1","pre","EduLang_2"
"69","S1","pre","EduLang_3"
"70","S1","pre","EduLang_4"
"71","S1","pre","RUG_faculty"
"72","S1","pre","Hanze_school"
"73","S1","pre","Study.0"
"74","S1","pre","association_1"
"75","S1","pre","association_2"
"76","S1","pre","association_3"
"77","S1","pre","association_7"
"78","S1","pre","association_4"
"79","S1","pre","association_5"
"80","S1","pre","association"
"81","S1","pre","DutchMeetNum"
"82","S1","pre","DutchFriends_1"
"83","S1","pre","AHIMSA_1"
"84","S1","pre","AHIMSA_2"
"85","S1","pre","AHIMSA_3"
"86","S1","pre","AHIMSA_4"
"87","S1","pre","AHIMSA_5"
"88","S1","pre","AHIMSA_6"
"89","S1","pre","AHIMSA_7"
"90","S1","pre","AHIMSA_8"
"91","S1","pre","assimilation"
"92","S1","pre","separation"
"93","S1","pre","integration"
"94","S1","pre","marginalization"
"95","S1","pre","VIA_1"
"96","S1","pre","VIA_2"
"97","S1","pre","VIA_3"
"98","S1","pre","VIA_4"
"99","S1","pre","VIA_5"
"100","S1","pre","VIA_6"
"101","S1","pre","VIA_7"
"102","S1","pre","VIA_8"
"103","S1","pre","VIA_9"
"104","S1","pre","VIA_10"
"105","S1","pre","VIA_11"
"106","S1","pre","VIA_12"
"107","S1","pre","VIA_13"
"108","S1","pre","VIA_14"
"109","S1","pre","VIA_15"
"110","S1","pre","VIA_16"
"111","S1","pre","VIA_17"
"112","S1","pre","VIA_18"
"113","S1","pre","VIA_19"
"114","S1","pre","VIA_20"
"115","S1","pre","VIA_heritage"
"116","S1","pre","VIA_Dutch"
"117","S1","pre","SAS_1"
"118","S1","pre","SAS_2"
"119","S1","pre","SAS_3"
"120","S1","pre","SAS_4"
"121","S1","pre","SAS_5"
"122","S1","pre","SAS_6"
"123","S1","pre","SAS_7"
"124","S1","pre","SAS_8"
"125","S1","pre","SAS_9"
"126","S1","pre","SSAS_surrounding"
"127","S1","pre","SSAS_privat"
"128","S1","pre","SSAS_public"
"129","S1","pre","SDT_1"
"130","S1","pre","SDT_2"
"131","S1","pre","SDT_3"
"132","S1","pre","SDT_4"
"133","S1","pre","SDT_5r"
"134","S1","pre","SDT_6r"
"135","S1","pre","SDT_7r"
"136","S1","pre","SDT_8r"
"137","S1","pre","SDT_5"
"138","S1","pre","SDT_6"
"139","S1","pre","SDT_7"
"140","S1","pre","SDT_8"
"141","S1","pre","SDT_9"
"142","S1","pre","SDT_10"
"143","S1","pre","SDT_11"
"144","S1","pre","SDT_12"
"145","S1","pre","SDT_13r"
"146","S1","pre","SDT_14r"
"147","S1","pre","SDT_15r"
"148","S1","pre","SDT_16r"
"149","S1","pre","SDT_13"
"150","S1","pre","SDT_14"
"151","S1","pre","SDT_15"
"152","S1","pre","SDT_16"
"153","S1","pre","SDT_17"
"154","S1","pre","SDT_18"
"155","S1","pre","SDT_19"
"156","S1","pre","SDT_20"
"157","S1","pre","SDT_21r"
"158","S1","pre","SDT_22r"
"159","S1","pre","SDT_23r"
"160","S1","pre","SDT_24r"
"161","S1","pre","SDT_21"
"162","S1","pre","SDT_22"
"163","S1","pre","SDT_23"
"164","S1","pre","SDT_24"
"165","S1","pre","autonomy"
"166","S1","pre","relatedness"
"167","S1","pre","competence"
"168","S1","pre","Anxiety_1"
"169","S1","pre","Anxiety_2"
"170","S1","pre","Anxiety_3"
"171","S1","pre","Anxiety_4"
"172","S1","pre","Anxiety_5"
"173","S1","pre","Anxiety_6"
"174","S1","pre","Anxiety_7r"
"175","S1","pre","Anxiety_8r"
"176","S1","pre","Anxiety_9r"
"177","S1","pre","Anxiety_10r"
"178","S1","pre","Anxiety_11r"
"179","S1","pre","Anxiety_12r"
"180","S1","pre","Anxiety_7"
"181","S1","pre","Anxiety_8"
"182","S1","pre","Anxiety_9"
"183","S1","pre","Anxiety_10"
"184","S1","pre","Anxiety_11"
"185","S1","pre","Anxiety_12"
"186","S1","pre","anxiety"
"187","S1","pre","SWL_1"
"188","S1","pre","SWL_2"
"189","S1","pre","SWL_3"
"190","S1","pre","SWL_4"
"191","S1","pre","SWL_5"
"192","S1","pre","swl"
"193","S1","pre","t_SWL_First_Click"
"194","S1","pre","t_SWL_Last_Click"
"195","S1","pre","t_SWL_Page_Submit"
"196","S1","pre","t_SWL_Click_Count"
"197","S1","pre","MDMQ_1"
"198","S1","pre","MDMQ_2"
"199","S1","pre","MDMQ_3"
"200","S1","pre","MDMQ_3r"
"201","S1","pre","MDMQ_4"
"202","S1","pre","MDMQ_4r"
"203","S1","pre","MDMQ_5"
"204","S1","pre","MDMQ_5r"
"205","S1","pre","MDMQ_6"
"206","S1","pre","MDMQ_7"
"207","S1","pre","MDMQ_7r"
"208","S1","pre","MDMQ_8"
"209","S1","pre","MDMQ_9"
"210","S1","pre","MDMQ_9r"
"211","S1","pre","MDMQ_10"
"212","S1","pre","MDMQ_11"
"213","S1","pre","MDMQ_11r"
"214","S1","pre","MDMQ_12"
"215","S1","pre","MDMQ_13"
"216","S1","pre","alertness"
"217","S1","pre","calmness"
"218","S1","pre","valence"
"219","S1","pre","t_MDMQ_First_Click"
"220","S1","pre","t_MDMQ_Last_Click"
"221","S1","pre","t_MDMQ_Page_Submit"
"222","S1","pre","t_MDMQ_Click_Count"
"223","S1","pre","date"
"224","S1","pre","time"
"225","S1","pre","City"
"226","S1","pre","ZIP"
"227","S1","pre","id"
"228","S1","pre","start.0"
"229","S1","pre","end"
"230","S1","daily","StartDate"
"231","S1","daily","EndDate"
"232","S1","daily","Status"
"233","S1","daily","IPAddress"
"234","S1","daily","Progress"
"235","S1","daily","Duration__in_seconds_"
"236","S1","daily","Finished"
"237","S1","daily","RecordedDate"
"238","S1","daily","ResponseId"
"239","S1","daily","RecipientLastName"
"240","S1","daily","RecipientFirstName"
"241","S1","daily","RecipientEmail"
"242","S1","daily","ExternalReference"
"243","S1","daily","LocationLatitude"
"244","S1","daily","LocationLongitude"
"245","S1","daily","DistributionChannel"
"246","S1","daily","UserLanguage"
"247","S1","daily","Meta_Browser"
"248","S1","daily","Meta_Version"
"249","S1","daily","Meta_Operating_System"
"250","S1","daily","Meta_Resolution"
"251","S1","daily","Contact_dum"
"252","S1","daily","t_welcome_First_Click"
"253","S1","daily","t_welcome_Last_Click"
"254","S1","daily","t_welcome_Page_Submit"
"255","S1","daily","t_welcome_Click_Count"
"256","S1","daily","number"
"257","S1","daily","time"
"258","S1","daily","duration_1"
"259","S1","daily","dyad.group"
"260","S1","daily","t_time_type_First_Click"
"261","S1","daily","t_time_type_Last_Click"
"262","S1","daily","t_time_type_Page_Submit"
"263","S1","daily","t_time_type_Click_Count"
"264","S1","daily","gr_size"
"265","S1","daily","gr_type_1"
"266","S1","daily","gr_type_2"
"267","S1","daily","gr_type_3"
"268","S1","daily","gr_type_4"
"269","S1","daily","gr_type_5"
"270","S1","daily","gr_type_6"
"271","S1","daily","gr_type_7"
"272","S1","daily","gr_type_8"
"273","S1","daily","gr_type_9"
"274","S1","daily","gr_type_10"
"275","S1","daily","gr_type_11"
"276","S1","daily","gr_type_12"
"277","S1","daily","gr_type_13"
"278","S1","daily","gr_type_14"
"279","S1","daily","gr_type_15"
"280","S1","daily","gr_type_16"
"281","S1","daily","gr_type_17_TEXT"
"282","S1","daily","t_gr_char_First_Click"
"283","S1","daily","t_gr_char_Last_Click"
"284","S1","daily","t_gr_char_Page_Submit"
"285","S1","daily","t_gr_char_Click_Count"
"286","S1","daily","gr_context_1"
"287","S1","daily","gr_context_2"
"288","S1","daily","gr_context_3"
"289","S1","daily","gr_context_4"
"290","S1","daily","gr_context_5"
"291","S1","daily","gr_context_6"
"292","S1","daily","gr_context_7"
"293","S1","daily","gr_context_8"
"294","S1","daily","gr_context_9"
"295","S1","daily","gr_context_10"
"296","S1","daily","gr_context_11"
"297","S1","daily","gr_context_12"
"298","S1","daily","gr_context_13_TEXT"
"299","S1","daily","gr_context_14_TEXT"
"300","S1","daily","t_gr_context_First_Click"
"301","S1","daily","t_gr_context_Last_Click"
"302","S1","daily","t_gr_context_Page_Submit"
"303","S1","daily","t_gr_context_Click_Count"
"304","S1","daily","gr_dutchness"
"305","S1","daily","t_gr_dutchness_First_Click"
"306","S1","daily","t_gr_dutchness_Last_Click"
"307","S1","daily","t_gr_dutchness_Page_Submit"
"308","S1","daily","t_gr_dutchness_Click_Count"
"309","S1","daily","dyad_type_1"
"310","S1","daily","dyad_type_2"
"311","S1","daily","dyad_type_3"
"312","S1","daily","dyad_type_4"
"313","S1","daily","dyad_type_5"
"314","S1","daily","dyad_type_6"
"315","S1","daily","dyad_type_7"
"316","S1","daily","dyad_type_8"
"317","S1","daily","dyad_type_9"
"318","S1","daily","dyad_type_10"
"319","S1","daily","dyad_type_11"
"320","S1","daily","dyad_type_12"
"321","S1","daily","dyad_type_13"
"322","S1","daily","dyad_type_14"
"323","S1","daily","dyad_type_15"
"324","S1","daily","dyad_type_16"
"325","S1","daily","dyad_type_17_TEXT"
"326","S1","daily","t_dyad_type_First_Click"
"327","S1","daily","t_dyad_type_Last_Click"
"328","S1","daily","t_dyad_type_Page_Submit"
"329","S1","daily","t_dyad_type_Click_Count"
"330","S1","daily","Context_1"
"331","S1","daily","Context_2"
"332","S1","daily","Context_3"
"333","S1","daily","Context_4"
"334","S1","daily","Context_5"
"335","S1","daily","Context_6"
"336","S1","daily","Context_7"
"337","S1","daily","Context_8"
"338","S1","daily","Context_9"
"339","S1","daily","Context_10"
"340","S1","daily","Context_11"
"341","S1","daily","Context_12"
"342","S1","daily","Context_13_TEXT"
"343","S1","daily","Context_14_TEXT"
"344","S1","daily","t_dyad_context_First_Click"
"345","S1","daily","t_dyad_context_Last_Click"
"346","S1","daily","t_dyad_context_Page_Submit"
"347","S1","daily","t_dyad_context_Click_Count"
"348","S1","daily","keyMotive"
"349","S1","daily","t_keyMotive_First_Click"
"350","S1","daily","t_keyMotive_Last_Click"
"351","S1","daily","t_keyMotive_Page_Submit"
"352","S1","daily","t_keyMotive_Click_Count"
"353","S1","daily","keymotive_fulfillemt_1"
"354","S1","daily","keyMotive_Dutch_1"
"355","S1","daily","t_keyMotive2_First_Click"
"356","S1","daily","t_keyMotive2_Last_Click"
"357","S1","daily","t_keyMotive2_Page_Submit"
"358","S1","daily","t_keyMotive2_Click_Count"
"359","S1","daily","autonomy_1"
"360","S1","daily","competence_1"
"361","S1","daily","relatedness_self_1"
"362","S1","daily","relatedness_other_1"
"363","S1","daily","t_SDT_First_Click"
"364","S1","daily","t_SDT_Last_Click"
"365","S1","daily","t_SDT_Page_Submit"
"366","S1","daily","t_SDT_Click_Count"
"367","S1","daily","qualityAccidental_1"
"368","S1","daily","qualityVoluntary_1"
"369","S1","daily","qualityCooperative_1"
"370","S1","daily","qualityDutchy_1"
"371","S1","daily","t_quality_First_Click"
"372","S1","daily","t_quality_Last_Click"
"373","S1","daily","t_quality_Page_Submit"
"374","S1","daily","t_quality_Click_Count"
"375","S1","daily","quality_overall_1"
"376","S1","daily","quality_meaning_1"
"377","S1","daily","quality_star_1"
"378","S1","daily","t_qaulity_overall_First_Click"
"379","S1","daily","t_qaulity_overall_Last_Click"
"380","S1","daily","t_qaulity_overall_Page_Submit"
"381","S1","daily","t_qaulity_overall_Click_Count"
"382","S1","daily","wantInt"
"383","S1","daily","desire_type_1"
"384","S1","daily","desire_type_2"
"385","S1","daily","desire_type_3"
"386","S1","daily","desire_type_4"
"387","S1","daily","desire_type_5"
"388","S1","daily","desire_type_6"
"389","S1","daily","desire_type_7"
"390","S1","daily","desire_type_8"
"391","S1","daily","desire_type_9"
"392","S1","daily","desire_type_10"
"393","S1","daily","desire_type_11"
"394","S1","daily","desire_type_12"
"395","S1","daily","desire_type_13"
"396","S1","daily","desire_type_14"
"397","S1","daily","desire_type_15"
"398","S1","daily","desire_type_16"
"399","S1","daily","desire_type_17_TEXT"
"400","S1","daily","desire_context_1"
"401","S1","daily","desire_context_2"
"402","S1","daily","desire_context_3"
"403","S1","daily","desire_context_4"
"404","S1","daily","desire_context_5"
"405","S1","daily","desire_context_6"
"406","S1","daily","desire_context_7"
"407","S1","daily","desire_context_8"
"408","S1","daily","desire_context_9"
"409","S1","daily","desire_context_10"
"410","S1","daily","desire_context_11"
"411","S1","daily","desire_context_12"
"412","S1","daily","desire_context_13_TEXT"
"413","S1","daily","desire_context_14_TEXT"
"414","S1","daily","Reason_nodesire"
"415","S1","daily","t_desire_First_Click"
"416","S1","daily","t_desire_Last_Click"
"417","S1","daily","t_desire_Page_Submit"
"418","S1","daily","t_desire_Click_Count"
"419","S1","daily","keyMotive_noInt"
"420","S1","daily","t_keyMotive_noInt_First_Click"
"421","S1","daily","t_keyMotive_noInt_Last_Click"
"422","S1","daily","t_keyMotive_noInt_Page_Submit"
"423","S1","daily","t_keyMotive_noInt_Click_Count"
"424","S1","daily","keyMotive_noInt_fulf_1"
"425","S1","daily","t_motive_noInt_fulf_First_Click"
"426","S1","daily","t_motive_noInt_fulf_Last_Click"
"427","S1","daily","t_motive_noInt_fulf_Page_Submit"
"428","S1","daily","t_motive_noInt_fulf_Click_Count"
"429","S1","daily","autonomy_NoInt_1"
"430","S1","daily","competence_NoInt_1"
"431","S1","daily","relatedness_1_NoInt_1"
"432","S1","daily","t_NoInt_SDT_First_Click"
"433","S1","daily","t_NoInt_SDT_Last_Click"
"434","S1","daily","t_NoInt_SDT_Page_Submit"
"435","S1","daily","t_NoInt_SDT_Click_Count"
"436","S1","daily","thermometerDutch_1"
"437","S1","daily","thermometerDutchInt_2"
"438","S1","daily","t_thermometer_First_Click"
"439","S1","daily","t_thermometer_Last_Click"
"440","S1","daily","t_thermometer_Page_Submit"
"441","S1","daily","t_thermometer_Click_Count"
"442","S1","daily","ExWB_1"
"443","S1","daily","t_exWB_First_Click"
"444","S1","daily","t_exWB_Last_Click"
"445","S1","daily","t_exWB_Page_Submit"
"446","S1","daily","t_exWB_Click_Count"
"447","S1","daily","MDMQ.v1_1"
"448","S1","daily","MDMQ.v1_2"
"449","S1","daily","MDMQ.v1_3"
"450","S1","daily","MDMQ.v1_3r"
"451","S1","daily","MDMQ.v1_4"
"452","S1","daily","MDMQ.v1_4r"
"453","S1","daily","MDMQ.v1_5"
"454","S1","daily","MDMQ.v1_5r"
"455","S1","daily","MDMQ.v1_6"
"456","S1","daily","MDMQ.v1_7"
"457","S1","daily","MDMQ.v1_7r"
"458","S1","daily","MDMQ.v1_8"
"459","S1","daily","MDMQ.v1_9"
"460","S1","daily","MDMQ.v1_9r"
"461","S1","daily","MDMQ.v1_10"
"462","S1","daily","MDMQ.v1_11"
"463","S1","daily","MDMQ.v1_11r"
"464","S1","daily","MDMQ.v1_12"
"465","S1","daily","MDMQ.v1_13"
"466","S1","daily","alertness1"
"467","S1","daily","calmness1"
"468","S1","daily","valence1"
"469","S1","daily","t_MDMQ.v1_First_Click"
"470","S1","daily","t_MDMQ.v1_Last_Click"
"471","S1","daily","t_MDMQ.v1_Page_Submit"
"472","S1","daily","t_MDMQ.v1_Click_Count"
"473","S1","daily","MDMQ.v2_1"
"474","S1","daily","MDMQ.v2_1r"
"475","S1","daily","MDMQ.v2_2"
"476","S1","daily","MDMQ.v2_3"
"477","S1","daily","MDMQ.v2_4"
"478","S1","daily","MDMQ.v2_4r"
"479","S1","daily","MDMQ.v2_5"
"480","S1","daily","MDMQ.v2_6"
"481","S1","daily","MDMQ.v2_6r"
"482","S1","daily","MDMQ.v2_7"
"483","S1","daily","MDMQ.v2_7r"
"484","S1","daily","MDMQ.v2_8"
"485","S1","daily","MDMQ.v2_9"
"486","S1","daily","MDMQ.v2_10"
"487","S1","daily","MDMQ.v2_10r"
"488","S1","daily","MDMQ.v2_11"
"489","S1","daily","MDMQ.v2_11r"
"490","S1","daily","MDMQ.v2_12"
"491","S1","daily","MDMQ.v2_13"
"492","S1","daily","alertness2"
"493","S1","daily","calmness2"
"494","S1","daily","valence2"
"495","S1","daily","t_MDMQ.v2_First_Click"
"496","S1","daily","t_MDMQ.v2_Last_Click"
"497","S1","daily","t_MDMQ.v2_Page_Submit"
"498","S1","daily","t_MDMQ.v2_Click_Count"
"499","S1","daily","inNonDutch"
"500","S1","daily","NonDutchNum"
"501","S1","daily","NonDutchType_1"
"502","S1","daily","NonDutchType_2"
"503","S1","daily","NonDutchType_3"
"504","S1","daily","NonDutchType_4"
"505","S1","daily","NonDutchType_5"
"506","S1","daily","NonDutchType_6"
"507","S1","daily","NonDutchType_7"
"508","S1","daily","NonDutchType_8"
"509","S1","daily","NonDutchType_9"
"510","S1","daily","NonDutchType_10"
"511","S1","daily","NonDutchType_11"
"512","S1","daily","NonDutchType_12"
"513","S1","daily","NonDutchType_13"
"514","S1","daily","NonDutchType_14"
"515","S1","daily","NonDutchType_15_TEXT"
"516","S1","daily","t_NonDutch_First_Click"
"517","S1","daily","t_NonDutch_Last_Click"
"518","S1","daily","t_NonDutch_Page_Submit"
"519","S1","daily","t_NonDutch_Click_Count"
"520","S1","daily","keyInteraction_1"
"521","S1","daily","keyInteractionTime"
"522","S1","daily","t_keyInteraction_First_Click"
"523","S1","daily","t_keyInteraction_Last_Click"
"524","S1","daily","t_keyInteraction_Page_Submit"
"525","S1","daily","t_keyInteraction_Click_Count"
"526","S1","daily","RecipientFirstName.0"
"527","S1","daily","RecipientLastName.0"
"528","S1","daily","RecipientEmail.0"
"529","S1","daily","ExternalDataReference"
"530","S1","daily","date"
"531","S1","daily","time.0"
"532","S1","daily","City"
"533","S1","daily","Zip"
"534","S1","daily","Area"
"535","S1","daily","Referer"
"536","S1","daily","DateTaken"
"537","S1","daily","TriggerResponseID"
"538","S1","daily","TriggerSurveyID"
"539","S1","daily","start.0"
"540","S1","daily","end"
"541","S1","daily","count.0"
"542","S1","daily","pre"
"543","S1","daily","may06.0"
"544","S1","daily","may07.0"
"545","S1","daily","may08.0"
"546","S1","daily","may09.0"
"547","S1","daily","may10.0"
"548","S1","daily","may11.0"
"549","S1","daily","may12.0"
"550","S1","daily","may13.0"
"551","S1","daily","may14.0"
"552","S1","daily","may15.0"
"553","S1","daily","may16.0"
"554","S1","daily","may17.0"
"555","S1","daily","may18.0"
"556","S1","daily","may19.0"
"557","S1","daily","may20.0"
"558","S1","daily","may21.0"
"559","S1","daily","may22.0"
"560","S1","daily","may23.0"
"561","S1","daily","may24.0"
"562","S1","daily","may25.0"
"563","S1","daily","may26.0"
"564","S1","daily","may27.0"
"565","S1","daily","may28.0"
"566","S1","daily","may29.0"
"567","S1","daily","may30.0"
"568","S1","daily","may31.0"
"569","S1","daily","jun01.0"
"570","S1","daily","jun02.0"
"571","S1","daily","jun03.0"
"572","S1","daily","jun04.0"
"573","S1","daily","jun05.0"
"574","S1","daily","jun06.0"
"575","S1","daily","jun07.0"
"576","S1","daily","jun08.0"
"577","S1","daily","jun09.0"
"578","S1","daily","jun10.0"
"579","S1","daily","jun11.0"
"580","S1","daily","jun12.0"
"581","S1","daily","jun13.0"
"582","S1","daily","jun14.0"
"583","S1","daily","jun15.0"
"584","S1","daily","jun16.0"
"585","S1","daily","jun17.0"
"586","S1","daily","jun18.0"
"587","S1","daily","jun19.0"
"588","S1","daily","jun20.0"
"589","S1","daily","jun21.0"
"590","S1","daily","jun22.0"
"591","S1","daily","jun23.0"
"592","S1","daily","jun24.0"
"593","S1","daily","jun25.0"
"594","S1","daily","jun26.0"
"595","S1","daily","jun27.0"
"596","S1","daily","jun28.0"
"597","S1","daily","jun29.0"
"598","S1","daily","jun30.0"
"599","S1","post","StartDate"
"600","S1","post","EndDate"
"601","S1","post","Status"
"602","S1","post","IPAddress"
"603","S1","post","Progress"
"604","S1","post","Duration__in_seconds_"
"605","S1","post","Finished"
"606","S1","post","RecordedDate"
"607","S1","post","ResponseId"
"608","S1","post","RecipientLastName"
"609","S1","post","RecipientFirstName"
"610","S1","post","RecipientEmail"
"611","S1","post","ExternalReference"
"612","S1","post","LocationLatitude"
"613","S1","post","LocationLongitude"
"614","S1","post","DistributionChannel"
"615","S1","post","UserLanguage"
"616","S1","post","Meta_Browser"
"617","S1","post","Meta_Version"
"618","S1","post","Meta_Operating_System"
"619","S1","post","Meta_Resolution"
"620","S1","post","t_intro_First_Click"
"621","S1","post","t_intro_Last_Click"
"622","S1","post","t_intro_Page_Submit"
"623","S1","post","t_intro_Click_Count"
"624","S1","post","AHIMSA_1"
"625","S1","post","AHIMSA_2"
"626","S1","post","AHIMSA_3"
"627","S1","post","AHIMSA_4"
"628","S1","post","AHIMSA_5"
"629","S1","post","AHIMSA_6"
"630","S1","post","AHIMSA_7"
"631","S1","post","AHIMSA_8"
"632","S1","post","assimilation"
"633","S1","post","separation"
"634","S1","post","integration"
"635","S1","post","marginalization"
"636","S1","post","t_AHIMSA_First_Click"
"637","S1","post","t_AHIMSA_Last_Click"
"638","S1","post","t_AHIMSA_Page_Submit"
"639","S1","post","t_AHIMSA_Click_Count"
"640","S1","post","VIA_1"
"641","S1","post","VIA_2"
"642","S1","post","VIA_3"
"643","S1","post","VIA_4"
"644","S1","post","VIA_5"
"645","S1","post","VIA_6"
"646","S1","post","VIA_7"
"647","S1","post","VIA_8"
"648","S1","post","VIA_9"
"649","S1","post","VIA_10"
"650","S1","post","VIA_11"
"651","S1","post","VIA_12"
"652","S1","post","VIA_13"
"653","S1","post","VIA_14"
"654","S1","post","VIA_15"
"655","S1","post","VIA_16"
"656","S1","post","VIA_17"
"657","S1","post","VIA_18"
"658","S1","post","VIA_19"
"659","S1","post","VIA_20"
"660","S1","post","VIA_heritage"
"661","S1","post","VIA_Dutch"
"662","S1","post","t_VIA_First_Click"
"663","S1","post","t_VIA_Last_Click"
"664","S1","post","t_VIA_Page_Submit"
"665","S1","post","t_VIA_Click_Count"
"666","S1","post","Anxiety_1"
"667","S1","post","Anxiety_2"
"668","S1","post","Anxiety_3"
"669","S1","post","Anxiety_4"
"670","S1","post","Anxiety_5"
"671","S1","post","Anxiety_6"
"672","S1","post","Anxiety_7r"
"673","S1","post","Anxiety_8r"
"674","S1","post","Anxiety_9r"
"675","S1","post","Anxiety_10r"
"676","S1","post","Anxiety_11r"
"677","S1","post","Anxiety_12r"
"678","S1","post","Anxiety_7"
"679","S1","post","Anxiety_8"
"680","S1","post","Anxiety_9"
"681","S1","post","Anxiety_10"
"682","S1","post","Anxiety_11"
"683","S1","post","Anxiety_12"
"684","S1","post","anxiety"
"685","S1","post","t_Anxiety_First_Click"
"686","S1","post","t_Anxiety_Last_Click"
"687","S1","post","t_Anxiety_Page_Submit"
"688","S1","post","t_Anxiety_Click_Count"
"689","S1","post","SWL_1"
"690","S1","post","SWL_2"
"691","S1","post","SWL_3"
"692","S1","post","SWL_4"
"693","S1","post","SWL_5"
"694","S1","post","swl"
"695","S1","post","t_SWL_First_Click"
"696","S1","post","t_SWL_Last_Click"
"697","S1","post","t_SWL_Page_Submit"
"698","S1","post","t_SWL_Click_Count"
"699","S1","post","Rosenberg_1"
"700","S1","post","Rosenberg_2"
"701","S1","post","Rosenberg_2r"
"702","S1","post","Rosenberg_3"
"703","S1","post","Rosenberg_4"
"704","S1","post","Rosenberg_5"
"705","S1","post","Rosenberg_5r"
"706","S1","post","Rosenberg_6"
"707","S1","post","Rosenberg_6r"
"708","S1","post","Rosenberg_7"
"709","S1","post","Rosenberg_8"
"710","S1","post","Rosenberg_8r"
"711","S1","post","Rosenberg_9"
"712","S1","post","Rosenberg_9r"
"713","S1","post","Rosenberg_10"
"714","S1","post","rosenberg"
"715","S1","post","t_Rosenberg_First_Click"
"716","S1","post","t_Rosenberg_Last_Click"
"717","S1","post","t_Rosenberg_Page_Submit"
"718","S1","post","t_Rosenberg_Click_Count"
"719","S1","post","ISEL_1"
"720","S1","post","ISEL_1r"
"721","S1","post","ISEL_2"
"722","S1","post","ISEL_2r"
"723","S1","post","ISEL_3"
"724","S1","post","ISEL_4"
"725","S1","post","ISEL_5"
"726","S1","post","ISEL_6"
"727","S1","post","ISEL_7"
"728","S1","post","ISEL_7r"
"729","S1","post","ISEL_8"
"730","S1","post","ISEL_9"
"731","S1","post","ISEL_9r"
"732","S1","post","ISEL_10"
"733","S1","post","ISEL_10r"
"734","S1","post","social_support"
"735","S1","post","t_ISEL_12_First_Click"
"736","S1","post","t_ISEL_12_Last_Click"
"737","S1","post","t_ISEL_12_Page_Submit"
"738","S1","post","t_ISEL_12_Click_Count"
"739","S1","post","PSS_1"
"740","S1","post","PSS_2"
"741","S1","post","PSS_3"
"742","S1","post","PSS_4"
"743","S1","post","PSS_4r"
"744","S1","post","PSS_5"
"745","S1","post","PSS_5r"
"746","S1","post","PSS_6"
"747","S1","post","PSS_7"
"748","S1","post","PSS_7r"
"749","S1","post","PSS_8"
"750","S1","post","PSS_8r"
"751","S1","post","PSS_9"
"752","S1","post","PSS_10"
"753","S1","post","stress"
"754","S1","post","t_PSS_First_Click"
"755","S1","post","t_PSS_Last_Click"
"756","S1","post","t_PSS_Page_Submit"
"757","S1","post","t_PSS_Click_Count"
"758","S1","post","Discrimination_1"
"759","S1","post","Discrimination_2"
"760","S1","post","Discrimination_3"
"761","S1","post","Discrimination_4"
"762","S1","post","Discrimination_5"
"763","S1","post","Discrimination_6"
"764","S1","post","Discrimination_7"
"765","S1","post","Discrimination_8"
"766","S1","post","Discrimination_9"
"767","S1","post","discrimination"
"768","S1","post","t_Discr._First_Click"
"769","S1","post","t_Discr._Last_Click"
"770","S1","post","t_Discr._Page_Submit"
"771","S1","post","t_Discr._Click_Count"
"772","S1","post","discr_study_x1"
"773","S1","post","discr_study_x2"
"774","S1","post","discr_study_x3"
"775","S1","post","discr_study_x4"
"776","S1","post","discr_study_x5"
"777","S1","post","discr_study_x6"
"778","S1","post","discr_study_x7"
"779","S1","post","discr_study_x8"
"780","S1","post","discr_study_x9"
"781","S1","post","discrimination_month"
"782","S1","post","t_discr.2_First_Click"
"783","S1","post","t_discr.2_Last_Click"
"784","S1","post","t_discr.2_Page_Submit"
"785","S1","post","t_discr.2_Click_Count"
"786","S1","post","NLESS_1"
"787","S1","post","NLESS_2"
"788","S1","post","NLESS_3"
"789","S1","post","NLESS_4"
"790","S1","post","NLESS_5"
"791","S1","post","NLESS_6"
"792","S1","post","NLESS_7"
"793","S1","post","NLESS_8"
"794","S1","post","NLESS_9"
"795","S1","post","NLESS_10"
"796","S1","post","NLESS_11"
"797","S1","post","NLESS_12"
"798","S1","post","NLESS_13"
"799","S1","post","NLESS_14"
"800","S1","post","NLESS_15"
"801","S1","post","NLESS_16"
"802","S1","post","NLESS_17"
"803","S1","post","NLESS_18"
"804","S1","post","NLESS_19"
"805","S1","post","NLESS_20"
"806","S1","post","NLESS_21"
"807","S1","post","NLESS_22"
"808","S1","post","NLESS_23"
"809","S1","post","NLESS_24"
"810","S1","post","NLE_1month"
"811","S1","post","NLE_6month"
"812","S1","post","NLE_12month"
"813","S1","post","t_NLESS_First_Click"
"814","S1","post","t_NLESS_Last_Click"
"815","S1","post","t_NLESS_Page_Submit"
"816","S1","post","t_NLESS_Click_Count"
"817","S1","post","honest"
"818","S1","post","NonParticipation"
"819","S1","post","t_participation_First_Click"
"820","S1","post","t_participation_Last_Click"
"821","S1","post","t_participation_Page_Submit"
"822","S1","post","t_participation_Click_Count"
"823","S1","post","ParticipationMot"
"824","S1","post","OQ_Questionnaire"
"825","S1","post","OQ_Communication"
"826","S1","post","OQ_Study"
"827","S1","post","OQ_other"
"828","S1","post","t_OQ_First_Click"
"829","S1","post","t_OQ_Last_Click"
"830","S1","post","t_OQ_Page_Submit"
"831","S1","post","t_OQ_Click_Count"
"832","S1","post","RecipientFirstName.0"
"833","S1","post","RecipientLastName.0"
"834","S1","post","RecipientEmail.0"
"835","S1","post","ExternalDataReference"
"836","S1","post","date"
"837","S1","post","time"
"838","S1","post","City"
"839","S1","post","ZIP"
"840","S1","post","Referer"
"841","S1","post","DateTaken"
"842","S1","post","TriggerResponseID"
"843","S1","post","TriggerSurveyID"
"844","S1","post","start.0"
"845","S1","post","end"
"846","S2","pre","session"
"847","S2","pre","created"
"848","S2","pre","modified"
"849","S2","pre","ended"
"850","S2","pre","expired"
"851","S2","pre","Home09"
"852","S2","pre","IntGrAnx01"
"853","S2","pre","IntGrAnx02"
"854","S2","pre","IntGrAnx03"
"855","S2","pre","IntGrAnx04"
"856","S2","pre","IntGrAnx05"
"857","S2","pre","IntGrAnx06"
"858","S2","pre","IntGrAnx07R"
"859","S2","pre","IntGrAnx08R"
"860","S2","pre","IntGrAnx09R"
"861","S2","pre","IntGrAnx10R"
"862","S2","pre","IntGrAnx11R"
"863","S2","pre","IntGrAnx12R"
"864","S2","pre","SWL01"
"865","S2","pre","SWL02"
"866","S2","pre","SWL03"
"867","S2","pre","SWL04"
"868","S2","pre","SWL05"
"869","S2","pre","SonaIn"
"870","S2","pre","MDMQ01"
"871","S2","pre","MDMQ02"
"872","S2","pre","MDMQ03"
"873","S2","pre","MDMQ04"
"874","S2","pre","MDMQ05"
"875","S2","pre","MDMQ06"
"876","S2","pre","MDMQ07"
"877","S2","pre","MDMQ08"
"878","S2","pre","MDMQ09"
"879","S2","pre","MDMQ10"
"880","S2","pre","MDMQ11"
"881","S2","pre","MDMQ12"
"882","S2","pre","MDMQ13"
"883","S2","pre","Home10"
"884","S2","pre","Home11"
"885","S2","pre","Home01"
"886","S2","pre","Home02"
"887","S2","pre","Home03"
"888","S2","pre","Home04"
"889","S2","pre","Home05"
"890","S2","pre","Home06"
"891","S2","pre","Home07"
"892","S2","pre","Home08"
"893","S2","pre","last_outside_referrer"
"894","S2","pre","ip_address"
"895","S2","pre","SDT01"
"896","S2","pre","SDT02"
"897","S2","pre","SDT03"
"898","S2","pre","SDT04"
"899","S2","pre","SDT05"
"900","S2","pre","SDT06"
"901","S2","pre","browser"
"902","S2","pre","SDT13"
"903","S2","pre","SDT14"
"904","S2","pre","SDT15"
"905","S2","pre","SDT16"
"906","S2","pre","SDT17"
"907","S2","pre","SDT18"
"908","S2","pre","server_language"
"909","S2","pre","SDT19"
"910","S2","pre","SDT20"
"911","S2","pre","SDT21"
"912","S2","pre","SDT22"
"913","S2","pre","SDT23"
"914","S2","pre","SDT24"
"915","S2","pre","SDT07"
"916","S2","pre","SDT08"
"917","S2","pre","SDT09"
"918","S2","pre","date"
"919","S2","pre","SDT10"
"920","S2","pre","SDT11"
"921","S2","pre","SDT12"
"922","S2","pre","name"
"923","S2","pre","Sona"
"924","S2","pre","e_mail"
"925","S2","pre","e_mailconfirm"
"926","S2","pre","age"
"927","S2","pre","Gender"
"928","S2","pre","Gender_Other"
"929","S2","pre","Living"
"930","S2","pre","roomate"
"931","S2","pre","nationality"
"932","S2","pre","SecNatDum"
"933","S2","pre","nationality2"
"934","S2","pre","timeNL"
"935","S2","pre","Reason"
"936","S2","pre","ReasonOther"
"937","S2","pre","DutchUnderstand"
"938","S2","pre","DutchSpeak"
"939","S2","pre","DutchRead"
"940","S2","pre","DutchWrite"
"941","S2","pre","occupation"
"942","S2","pre","IntentStay"
"943","S2","pre","association"
"944","S2","pre","associationOther"
"945","S2","pre","DutchMeetNum"
"946","S2","pre","DutchTime"
"947","S2","pre","DutchFriends"
"948","S2","pre","CulturalSimilarity"
"949","S2","pre","OSO"
"950","S2","pre","DSO"
"951","S2","daily","session"
"952","S2","daily","created"
"953","S2","daily","modified"
"954","S2","daily","ended"
"955","S2","daily","expired"
"956","S2","daily","last_outside_referrer"
"957","S2","daily","ip_address"
"958","S2","daily","browser"
"959","S2","daily","server_language"
"960","S2","daily","date"
"961","S2","daily","date_period"
"962","S2","daily","period"
"963","S2","daily","periodMA"
"964","S2","daily","greeting"
"965","S2","daily","IntergroupContact"
"966","S2","daily","IngroupContact"
"967","S2","daily","Interaction"
"968","S2","daily","InteractionDum"
"969","S2","daily","InteractionDumDutch"
"970","S2","daily","InteractionDumNonDutch"
"971","S2","daily","branchMA"
"972","S2","daily","branchMAHeader"
"973","S2","daily","DesireIntergroup"
"974","S2","daily","DesireIngroup"
"975","S2","daily","ContactDesire"
"976","S2","daily","DesireTypeDutch"
"977","S2","daily","DesireTypeDutchother"
"978","S2","daily","DesireContextDutch"
"979","S2","daily","DesireContextDutchother"
"980","S2","daily","NoDesireDutch"
"981","S2","daily","DesireTypeNonDutch"
"982","S2","daily","DesireTypeNonDutchother"
"983","S2","daily","DesireContextNonDutch"
"984","S2","daily","DesireContextNonDutchother"
"985","S2","daily","NoDesireNonDutch"
"986","S2","daily","ContactNum"
"987","S2","daily","timeMorning"
"988","S2","daily","timeAfternoon"
"989","S2","daily","duration"
"990","S2","daily","dyadGroup"
"991","S2","daily","groupSize"
"992","S2","daily","groupDutch"
"993","S2","daily","CLDutchIn"
"994","S2","daily","CLNonDutchIn"
"995","S2","daily","CC"
"996","S2","daily","NewCC"
"997","S2","daily","NewName"
"998","S2","daily","NewGender"
"999","S2","daily","Gender_Other"
"1000","S2","daily","NewCloseness"
"1001","S2","daily","NewEthnicityDum"
"1002","S2","daily","NewEthnicity"
"1003","S2","daily","NewRelationship"
"1004","S2","daily","NewRelationshipOther"
"1005","S2","daily","ContactName"
"1006","S2","daily","CLDutchOut"
"1007","S2","daily","CLNonDutchOut"
"1008","S2","daily","KeyNeed"
"1009","S2","daily","KeyNeedFullfillment"
"1010","S2","daily","KeyNeedDueToPartner"
"1011","S2","daily","KeyNeedSharedWithPartner"
"1012","S2","daily","RandBeh1"
"1013","S2","daily","RandBeh2"
"1014","S2","daily","AntiSo1"
"1015","S2","daily","AntiSo2"
"1016","S2","daily","AntiSo3"
"1017","S2","daily","AntiSo4"
"1018","S2","daily","AntiSo5"
"1019","S2","daily","AntiSo6"
"1020","S2","daily","AntiSo7"
"1021","S2","daily","RandBeh3"
"1022","S2","daily","RandBeh4"
"1023","S2","daily","ProSo1"
"1024","S2","daily","ProSo2"
"1025","S2","daily","ProSo3"
"1026","S2","daily","ProSo4"
"1027","S2","daily","InteractionContextAccidental"
"1028","S2","daily","InteractionContextvoluntary"
"1029","S2","daily","InteractionContextCooperative"
"1030","S2","daily","InteractionContextEqualStatus"
"1031","S2","daily","InteractionContextRepresentativeNL"
"1032","S2","daily","StudentGoal01"
"1033","S2","daily","StudentGoal02"
"1034","S2","daily","StudentGoal03"
"1035","S2","daily","StudentGoal04"
"1036","S2","daily","StudentGoal05"
"1037","S2","daily","StudentGoal06"
"1038","S2","daily","StudentGoal07"
"1039","S2","daily","StudentGoal08"
"1040","S2","daily","StudentGoal09"
"1041","S2","daily","StudentGoal10"
"1042","S2","daily","quality_overall"
"1043","S2","daily","quality_meaning"
"1044","S2","daily","quality_effective"
"1045","S2","daily","quality_importance"
"1046","S2","daily","Autonomy"
"1047","S2","daily","Competence"
"1048","S2","daily","RelatednessNoInteraction"
"1049","S2","daily","RelatednessSelf"
"1050","S2","daily","RelatednessOther"
"1051","S2","daily","AttitudesDutch"
"1052","S2","daily","AttitdutuesPartnerstick"
"1053","S2","daily","UnusuallyHigh"
"1054","S2","daily","UnusuallyLow"
"1055","S2","daily","ExWB"
"1056","S2","daily","DaytimeNeed"
"1057","S2","daily","DaytimeNeedFullfillment"
"1058","S2","daily","NonDutchContact"
"1059","S2","daily","NonDutchNum"
"1060","S2","daily","Event"
"1061","S2","daily","EventTxt"
"1062","S2","post","session"
"1063","S2","post","created"
"1064","S2","post","modified"
"1065","S2","post","ended"
"1066","S2","post","expired"
"1067","S2","post","last_outside_referrer"
"1068","S2","post","EvDayDiscr01"
"1069","S2","post","EvDayDiscr02"
"1070","S2","post","EvDayDiscr03"
"1071","S2","post","EvDayDiscr04"
"1072","S2","post","EvDayDiscr05"
"1073","S2","post","EvDayDiscr06"
"1074","S2","post","EvDayDiscr07"
"1075","S2","post","EvDayDiscr08"
"1076","S2","post","EvDayDiscr09"
"1077","S2","post","SE01"
"1078","S2","post","SE02"
"1079","S2","post","SE03"
"1080","S2","post","SE04"
"1081","S2","post","SE05"
"1082","S2","post","SE06"
"1083","S2","post","SE07"
"1084","S2","post","SE08"
"1085","S2","post","SE09"
"1086","S2","post","HS01"
"1087","S2","post","HS02"
"1088","S2","post","HS03"
"1089","S2","post","HS04"
"1090","S2","post","HS05"
"1091","S2","post","HS06"
"1092","S2","post","HS07"
"1093","S2","post","HS08"
"1094","S2","post","HS09"
"1095","S2","post","PSS01"
"1096","S2","post","PSS02"
"1097","S2","post","HS10"
"1098","S2","post","PSS03"
"1099","S2","post","HS11"
"1100","S2","post","PSS04"
"1101","S2","post","HS12"
"1102","S2","post","PSS05"
"1103","S2","post","HS13"
"1104","S2","post","HS14"
"1105","S2","post","PSS06"
"1106","S2","post","PSS07"
"1107","S2","post","HS15"
"1108","S2","post","PSS08"
"1109","S2","post","HS16"
"1110","S2","post","IntGrAnx01"
"1111","S2","post","PSS09"
"1112","S2","post","HS17"
"1113","S2","post","IntGrAnx02"
"1114","S2","post","PSS10"
"1115","S2","post","HS18"
"1116","S2","post","IntGrAnx03"
"1117","S2","post","HS19"
"1118","S2","post","IntGrAnx04"
"1119","S2","post","HS20"
"1120","S2","post","IntGrAnx05"
"1121","S2","post","IntGrAnx06"
"1122","S2","post","ISEL01"
"1123","S2","post","ISEL02"
"1124","S2","post","ISEL03"
"1125","S2","post","ISEL04"
"1126","S2","post","ISEL05"
"1127","S2","post","ISEL06"
"1128","S2","post","ISEL07"
"1129","S2","post","ISEL08"
"1130","S2","post","ISEL09"
"1131","S2","post","ISEL10"
"1132","S2","post","IntGrAnx07R"
"1133","S2","post","IntGrAnx08R"
"1134","S2","post","IntGrAnx09R"
"1135","S2","post","IntGrAnx10R"
"1136","S2","post","IntGrAnx11R"
"1137","S2","post","IntGrAnx12R"
"1138","S2","post","SE10"
"1139","S2","post","ip_address"
"1140","S2","post","browser"
"1141","S2","post","server_language"
"1142","S2","post","DutchUnderstand"
"1143","S2","post","DutchSpeak"
"1144","S2","post","DutchRead"
"1145","S2","post","DutchWrite"
"1146","S2","post","association"
"1147","S2","post","associationOther"
"1148","S2","post","DutchMeetNum"
"1149","S2","post","DutchTime"
"1150","S2","post","DutchFriends"
"1151","S2","post","IntentStay"
"1152","S2","post","CulturalSimilarity"
"1153","S2","post","OSO"
"1154","S2","post","DSO"
"1155","S2","post","CForEvDayDiscr01"
"1156","S2","post","CForEvDayDiscr02"
"1157","S2","post","CForEvDayDiscr03"
"1158","S2","post","CForEvDayDiscr04"
"1159","S2","post","CForEvDayDiscr05"
"1160","S2","post","CForEvDayDiscr06"
"1161","S2","post","CForEvDayDiscr07"
"1162","S2","post","CForEvDayDiscr08"
"1163","S2","post","CForEvDayDiscr09"
"1164","S2","post","NLE01"
"1165","S2","post","NLE02"
"1166","S2","post","NLE03"
"1167","S2","post","NLE04"
"1168","S2","post","NLE05"
"1169","S2","post","NLE06"
"1170","S2","post","NLE07"
"1171","S2","post","NLE08"
"1172","S2","post","NLE09"
"1173","S2","post","NLE10"
"1174","S2","post","NLE11"
"1175","S2","post","NLE12"
"1176","S2","post","NLE13"
"1177","S2","post","NLE14"
"1178","S2","post","NLE15"
"1179","S2","post","NLE16"
"1180","S2","post","NLE17"
"1181","S2","post","NLE18"
"1182","S2","post","NLE19"
"1183","S2","post","NLE20"
"1184","S2","post","NLE21"
"1185","S2","post","NLE22"
"1186","S2","post","NLE23"
"1187","S2","post","NLE24"
"1188","S2","post","StudyFeedHonest"
"1189","S2","post","StudyFeedNonPart"
"1190","S2","post","StudyFeedMot"
"1191","S2","post","StudyFeedQuest"
"1192","S2","post","StudyFeedComm"
"1193","S2","post","StudyFeedStudy"
"1194","S2","post","StudyFeedGeneral"
"1195","S2","post","OnSiteMeeting"
"1196","S3","pre_elig","session"
"1197","S3","pre_elig","created"
"1198","S3","pre_elig","modified"
"1199","S3","pre_elig","ended"
"1200","S3","pre_elig","expired"
"1201","S3","pre_elig","last_outside_referrer"
"1202","S3","pre_elig","ip_address"
"1203","S3","pre_elig","browser"
"1204","S3","pre_elig","server_language"
"1205","S3","pre_elig","date"
"1206","S3","pre_elig","name"
"1207","S3","pre_elig","e_mail"
"1208","S3","pre_elig","e_mailconfirm"
"1209","S3","pre_elig","nationality"
"1210","S3","pre_elig","SecNatDum"
"1211","S3","pre_elig","secondNationality"
"1212","S3","pre_elig","student"
"1213","S3","pre_elig","studentProg"
"1214","S3","pre_elig","studentBachMa"
"1215","S3","pre_elig","bach"
"1216","S3","pre_elig","mast"
"1217","S3","pre_elig","mastInternJunCo"
"1218","S3","pre_elig","mastInternSenCo"
"1219","S3","pre_elig","elig"
"1220","S3","pre_elig","eligGroup"
"1221","S3","pre_elig","eligTxt"
"1222","S3","pre_entry","session"
"1223","S3","pre_entry","created"
"1224","S3","pre_entry","modified"
"1225","S3","pre_entry","ended"
"1226","S3","pre_entry","expired"
"1227","S3","pre_entry","SWL01"
"1228","S3","pre_entry","SWL02"
"1229","S3","pre_entry","SWL03"
"1230","S3","pre_entry","SWL04"
"1231","S3","pre_entry","SWL05"
"1232","S3","pre_entry","Identify01"
"1233","S3","pre_entry","Identify02"
"1234","S3","pre_entry","Identify03"
"1235","S3","pre_entry","Identify04"
"1236","S3","pre_entry","Identify05"
"1237","S3","pre_entry","Identify06"
"1238","S3","pre_entry","Identify07"
"1239","S3","pre_entry","Identify08"
"1240","S3","pre_entry","Inclusion01"
"1241","S3","pre_entry","Inclusion02"
"1242","S3","pre_entry","Inclusion03"
"1243","S3","pre_entry","Inclusion04"
"1244","S3","pre_entry","Inclusion05"
"1245","S3","pre_entry","Inclusion06"
"1246","S3","pre_entry","Inclusion07"
"1247","S3","pre_entry","Inclusion08"
"1248","S3","pre_entry","Inclusion09"
"1249","S3","pre_entry","Inclusion10"
"1250","S3","pre_entry","Inclusion11"
"1251","S3","pre_entry","Inclusion12"
"1252","S3","pre_entry","Inclusion13"
"1253","S3","pre_entry","MLQ01"
"1254","S3","pre_entry","Inclusion14"
"1255","S3","pre_entry","MLQ02"
"1256","S3","pre_entry","Inclusion15"
"1257","S3","pre_entry","MLQ03"
"1258","S3","pre_entry","Inclusion16"
"1259","S3","pre_entry","MLQ04"
"1260","S3","pre_entry","MLQ05"
"1261","S3","pre_entry","MLQ06"
"1262","S3","pre_entry","MLQ07"
"1263","S3","pre_entry","MLQ08"
"1264","S3","pre_entry","MLQ09"
"1265","S3","pre_entry","Commitment01"
"1266","S3","pre_entry","MLQ10"
"1267","S3","pre_entry","Commitment02"
"1268","S3","pre_entry","outgroupTrust01"
"1269","S3","pre_entry","outgroupTrust02"
"1270","S3","pre_entry","outgroupTrust03"
"1271","S3","pre_entry","last_outside_referrer"
"1272","S3","pre_entry","IntGrAnx01"
"1273","S3","pre_entry","IntGrAnx07R"
"1274","S3","pre_entry","PT01"
"1275","S3","pre_entry","PT02"
"1276","S3","pre_entry","PT03"
"1277","S3","pre_entry","PT04"
"1278","S3","pre_entry","PT05"
"1279","S3","pre_entry","PT06"
"1280","S3","pre_entry","PT07"
"1281","S3","pre_entry","IntGrAnx02"
"1282","S3","pre_entry","IntGrAnx08R"
"1283","S3","pre_entry","IntGrAnx03"
"1284","S3","pre_entry","IntGrAnx09R"
"1285","S3","pre_entry","IntGrAnx04"
"1286","S3","pre_entry","IntGrAnx10R"
"1287","S3","pre_entry","IntGrAnx05"
"1288","S3","pre_entry","IntGrAnx11R"
"1289","S3","pre_entry","IntGrAnx06"
"1290","S3","pre_entry","IntGrAnx12R"
"1291","S3","pre_entry","Home01"
"1292","S3","pre_entry","Home06"
"1293","S3","pre_entry","Home02"
"1294","S3","pre_entry","Home07"
"1295","S3","pre_entry","Home03"
"1296","S3","pre_entry","Home08"
"1297","S3","pre_entry","Home04"
"1298","S3","pre_entry","Home09"
"1299","S3","pre_entry","Home05"
"1300","S3","pre_entry","Home10"
"1301","S3","pre_entry","Home11"
"1302","S3","pre_entry","ip_address"
"1303","S3","pre_entry","browser"
"1304","S3","pre_entry","server_language"
"1305","S3","pre_entry","date"
"1306","S3","pre_entry","age"
"1307","S3","pre_entry","Gender"
"1308","S3","pre_entry","Gender_Other"
"1309","S3","pre_entry","Living"
"1310","S3","pre_entry","roomate"
"1311","S3","pre_entry","timeNL"
"1312","S3","pre_entry","Reason"
"1313","S3","pre_entry","ReasonOther"
"1314","S3","pre_entry","DutchUnderstand"
"1315","S3","pre_entry","DutchSpeak"
"1316","S3","pre_entry","DutchRead"
"1317","S3","pre_entry","DutchWrite"
"1318","S3","pre_entry","occupation"
"1319","S3","pre_entry","association"
"1320","S3","pre_entry","associationOther"
"1321","S3","pre_entry","parentDutch"
"1322","S3","pre_entry","langGen"
"1323","S3","pre_entry","languageOther"
"1324","S3","pre_entry","IntentStay"
"1325","S3","pre_entry","DutchMeetNum"
"1326","S3","pre_entry","DutchPotMeetNum"
"1327","S3","pre_entry","DutchTime"
"1328","S3","pre_entry","DutchFriends"
"1329","S3","pre_entry","CulturalSimilarity"
"1330","S3","pre_entry","SHO"
"1331","S3","pre_entry","OSO"
"1332","S3","pre_entry","DSO"
"1333","S3","pre_entry","MSSO"
"1334","S3","pre_entry","workGroupOp"
"1335","S3","daily","session"
"1336","S3","daily","created"
"1337","S3","daily","modified"
"1338","S3","daily","ended"
"1339","S3","daily","expired"
"1340","S3","daily","autoFrust1"
"1341","S3","daily","autoFrust2"
"1342","S3","daily","autoFrust3"
"1343","S3","daily","autoFrust4"
"1344","S3","daily","relatSat1"
"1345","S3","daily","relatSat2"
"1346","S3","daily","relatSat3"
"1347","S3","daily","relatSat4"
"1348","S3","daily","relatFrust1"
"1349","S3","daily","relatFrust2"
"1350","S3","daily","relatFrust3"
"1351","S3","daily","relatFrust4"
"1352","S3","daily","last_outside_referrer"
"1353","S3","daily","compSat1"
"1354","S3","daily","compSat2"
"1355","S3","daily","compSat3"
"1356","S3","daily","compSat4"
"1357","S3","daily","compFrust1"
"1358","S3","daily","compFrust2"
"1359","S3","daily","compFrust3"
"1360","S3","daily","compFrust4"
"1361","S3","daily","AntiSo1"
"1362","S3","daily","AntiSo2"
"1363","S3","daily","AntiSo3"
"1364","S3","daily","AntiSo4"
"1365","S3","daily","AntiSo5"
"1366","S3","daily","AntiSo6"
"1367","S3","daily","AntiSo7"
"1368","S3","daily","lonely1"
"1369","S3","daily","lonely2"
"1370","S3","daily","lonely3"
"1371","S3","daily","lonely4"
"1372","S3","daily","ProSo1"
"1373","S3","daily","ProSo2"
"1374","S3","daily","ProSo3"
"1375","S3","daily","ProSo4"
"1376","S3","daily","agency1"
"1377","S3","daily","agency2"
"1378","S3","daily","agency3"
"1379","S3","daily","autoSat1"
"1380","S3","daily","autoSat2"
"1381","S3","daily","autoSat3"
"1382","S3","daily","autoSat4"
"1383","S3","daily","ip_address"
"1384","S3","daily","browser"
"1385","S3","daily","server_language"
"1386","S3","daily","date"
"1387","S3","daily","date_period"
"1388","S3","daily","period"
"1389","S3","daily","periodMA"
"1390","S3","daily","greeting"
"1391","S3","daily","IntergroupContact"
"1392","S3","daily","IngroupContact"
"1393","S3","daily","Interaction"
"1394","S3","daily","InteractionDum"
"1395","S3","daily","InteractionDumDutch"
"1396","S3","daily","InteractionDumNonDutch"
"1397","S3","daily","branchMA"
"1398","S3","daily","branchMAHeader"
"1399","S3","daily","DesireIntergroup"
"1400","S3","daily","DesireIngroup"
"1401","S3","daily","DesireTypeDutch"
"1402","S3","daily","DesireTypeDutchother"
"1403","S3","daily","DesireContextDutch"
"1404","S3","daily","DesireContextDutchother"
"1405","S3","daily","NoDesireDutch"
"1406","S3","daily","DesireTypeNonDutch"
"1407","S3","daily","DesireTypeNonDutchother"
"1408","S3","daily","DesireContextNonDutch"
"1409","S3","daily","DesireContextNonDutchother"
"1410","S3","daily","NoDesireNonDutch"
"1411","S3","daily","ContactNum"
"1412","S3","daily","timeMorning"
"1413","S3","daily","timeAfternoon"
"1414","S3","daily","duration"
"1415","S3","daily","language"
"1416","S3","daily","languageOther"
"1417","S3","daily","dyadGroup"
"1418","S3","daily","groupSize"
"1419","S3","daily","groupDutch"
"1420","S3","daily","CLDutchIn"
"1421","S3","daily","CLNonDutchIn"
"1422","S3","daily","CC"
"1423","S3","daily","NewCC"
"1424","S3","daily","NewName"
"1425","S3","daily","NewGender"
"1426","S3","daily","Gender_Other"
"1427","S3","daily","NewCloseness"
"1428","S3","daily","NewTrust"
"1429","S3","daily","NewEthnicityDum"
"1430","S3","daily","NewEthnicity"
"1431","S3","daily","NewRelationship"
"1432","S3","daily","NewRelationshipOther"
"1433","S3","daily","ContactName"
"1434","S3","daily","CLDutchOut"
"1435","S3","daily","CLNonDutchOut"
"1436","S3","daily","KeyNeed"
"1437","S3","daily","KeyNeedFulfillment"
"1438","S3","daily","KeyNeedDueToPartner"
"1439","S3","daily","KeyNeedShared"
"1440","S3","daily","KeyNeedImp"
"1441","S3","daily","emotRegPos01"
"1442","S3","daily","emotRegPos02"
"1443","S3","daily","emotRegNeg01"
"1444","S3","daily","emotRegNeg02"
"1445","S3","daily","RandAntiBeh"
"1446","S3","daily","RandProBeh"
"1447","S3","daily","InteractionContextAccidental"
"1448","S3","daily","InteractionContextvoluntary"
"1449","S3","daily","InteractionContextCooperative"
"1450","S3","daily","InteractionContextEqualStatus"
"1451","S3","daily","InteractionContextRepresentativeNL"
"1452","S3","daily","StudentGoal01"
"1453","S3","daily","StudentGoal02"
"1454","S3","daily","StudentGoal03"
"1455","S3","daily","StudentGoal04"
"1456","S3","daily","StudentGoal05"
"1457","S3","daily","StudentGoal06"
"1458","S3","daily","StudentGoal07"
"1459","S3","daily","StudentGoal08"
"1460","S3","daily","StudentGoal09"
"1461","S3","daily","StudentGoal10"
"1462","S3","daily","qualityOverall"
"1463","S3","daily","qualityMeaning"
"1464","S3","daily","qualityEffective"
"1465","S3","daily","qualityImportance"
"1466","S3","daily","Autonomy"
"1467","S3","daily","Competence"
"1468","S3","daily","RelatednessNoInteraction"
"1469","S3","daily","RelatednessSelf"
"1470","S3","daily","RelatednessOther"
"1471","S3","daily","AttitudesDutch"
"1472","S3","daily","AttitudesPartner"
"1473","S3","daily","UnusuallyHigh"
"1474","S3","daily","UnusuallyLow"
"1475","S3","daily","exWB"
"1476","S3","daily","angry"
"1477","S3","daily","afraid"
"1478","S3","daily","energy"
"1479","S3","daily","randLonely"
"1480","S3","daily","lonelyAlways"
"1481","S3","daily","DaytimeNeed"
"1482","S3","daily","DaytimeNeedFullfillment"
"1483","S3","daily","DaytimeNeedFulfillment"
"1484","S3","daily","NonDutchNum"
"1485","S3","daily","Event"
"1486","S3","daily","EventTxt"
"1487","S3","daily","randAgency"
"1488","S3","daily","randautoSat"
"1489","S3","daily","randautoFrust"
"1490","S3","daily","randrelatSat"
"1491","S3","daily","randrelatFrust"
"1492","S3","daily","randcompSat"
"1493","S3","daily","randcompFrust"
"1494","S3","post","session"
"1495","S3","post","created"
"1496","S3","post","modified"
"1497","S3","post","ended"
"1498","S3","post","expired"
"1499","S3","post","IntGrAnx01"
"1500","S3","post","IntGrAnx07R"
"1501","S3","post","IntGrAnx02"
"1502","S3","post","IntGrAnx08R"
"1503","S3","post","IntGrAnx03"
"1504","S3","post","IntGrAnx09R"
"1505","S3","post","IntGrAnx04"
"1506","S3","post","IntGrAnx10R"
"1507","S3","post","IntGrAnx05"
"1508","S3","post","IntGrAnx11R"
"1509","S3","post","IntGrAnx06"
"1510","S3","post","IntGrAnx12R"
"1511","S3","post","EvDayDiscr01"
"1512","S3","post","EvDayDiscr02"
"1513","S3","post","EvDayDiscr03"
"1514","S3","post","EvDayDiscr04"
"1515","S3","post","EvDayDiscr05"
"1516","S3","post","EvDayDiscr06"
"1517","S3","post","EvDayDiscr07"
"1518","S3","post","para01"
"1519","S3","post","EvDayDiscr08"
"1520","S3","post","para02"
"1521","S3","post","EvDayDiscr09"
"1522","S3","post","para03"
"1523","S3","post","para04"
"1524","S3","post","para05"
"1525","S3","post","para06"
"1526","S3","post","para07"
"1527","S3","post","para08"
"1528","S3","post","para09"
"1529","S3","post","para10"
"1530","S3","post","SE01"
"1531","S3","post","SE02"
"1532","S3","post","SE03"
"1533","S3","post","SE04"
"1534","S3","post","SE05"
"1535","S3","post","SE06"
"1536","S3","post","SE07"
"1537","S3","post","SE08"
"1538","S3","post","SE09"
"1539","S3","post","SE10"
"1540","S3","post","HS01"
"1541","S3","post","HS02"
"1542","S3","post","HS03"
"1543","S3","post","HS04"
"1544","S3","post","HS05"
"1545","S3","post","HS06"
"1546","S3","post","HS07"
"1547","S3","post","HS08"
"1548","S3","post","HS09"
"1549","S3","post","HS10"
"1550","S3","post","HS11"
"1551","S3","post","HS12"
"1552","S3","post","HS13"
"1553","S3","post","HS14"
"1554","S3","post","HS15"
"1555","S3","post","HS16"
"1556","S3","post","HS17"
"1557","S3","post","HS18"
"1558","S3","post","HS19"
"1559","S3","post","HS20"
"1560","S3","post","outgroupTrust01"
"1561","S3","post","outgroupTrust02"
"1562","S3","post","outgroupTrust03"
"1563","S3","post","Identify01"
"1564","S3","post","Identify02"
"1565","S3","post","Identify03"
"1566","S3","post","Identify04"
"1567","S3","post","Identify05"
"1568","S3","post","Identify06"
"1569","S3","post","Identify07"
"1570","S3","post","Identify08"
"1571","S3","post","Inclusion01"
"1572","S3","post","Inclusion02"
"1573","S3","post","Inclusion03"
"1574","S3","post","Inclusion04"
"1575","S3","post","Inclusion05"
"1576","S3","post","Inclusion06"
"1577","S3","post","Inclusion07"
"1578","S3","post","Inclusion08"
"1579","S3","post","Inclusion09"
"1580","S3","post","Inclusion10"
"1581","S3","post","Inclusion11"
"1582","S3","post","Inclusion12"
"1583","S3","post","Inclusion13"
"1584","S3","post","Inclusion14"
"1585","S3","post","Inclusion15"
"1586","S3","post","Inclusion16"
"1587","S3","post","Commitment01"
"1588","S3","post","Commitment02"
"1589","S3","post","last_outside_referrer"
"1590","S3","post","trustFace18"
"1591","S3","post","trustFace19"
"1592","S3","post","trustFace20"
"1593","S3","post","trustFace01"
"1594","S3","post","trustFace02"
"1595","S3","post","trustFace03"
"1596","S3","post","trustFace04"
"1597","S3","post","trustFace05"
"1598","S3","post","trustFace06"
"1599","S3","post","trustFace07"
"1600","S3","post","trustFace08"
"1601","S3","post","trustFace09"
"1602","S3","post","trustFace10"
"1603","S3","post","trustFace11"
"1604","S3","post","trustFace12"
"1605","S3","post","trustFace13"
"1606","S3","post","trustFace14"
"1607","S3","post","trustFace15"
"1608","S3","post","trustFace16"
"1609","S3","post","ip_address"
"1610","S3","post","trustFace17"
"1611","S3","post","browser"
"1612","S3","post","server_language"
"1613","S3","post","DutchUnderstand"
"1614","S3","post","DutchSpeak"
"1615","S3","post","DutchRead"
"1616","S3","post","DutchWrite"
"1617","S3","post","association"
"1618","S3","post","associationOther"
"1619","S3","post","IntentStay"
"1620","S3","post","DutchMeetNum"
"1621","S3","post","DutchPotMeetNum"
"1622","S3","post","DutchTime"
"1623","S3","post","DutchFriends"
"1624","S3","post","CulturalSimilarity"
"1625","S3","post","SHO"
"1626","S3","post","OSO"
"1627","S3","post","DSO"
"1628","S3","post","MSSO"
"1629","S3","post","IPL_12item1"
"1630","S3","post","IPL_12item2"
"1631","S3","post","IPL_12item3"
"1632","S3","post","IPL_12item4"
"1633","S3","post","IPL_12item5"
"1634","S3","post","IPL_12item6"
"1635","S3","post","IPL_12item7"
"1636","S3","post","IPL_12item8"
"1637","S3","post","workGroupNew"
"1638","S3","post","workGroupOp"
"1639","S3","post","CForEvDayDiscr01"
"1640","S3","post","CForEvDayDiscr02"
"1641","S3","post","CForEvDayDiscr03"
"1642","S3","post","CForEvDayDiscr04"
"1643","S3","post","CForEvDayDiscr05"
"1644","S3","post","CForEvDayDiscr06"
"1645","S3","post","CForEvDayDiscr07"
"1646","S3","post","CForEvDayDiscr08"
"1647","S3","post","CForEvDayDiscr09"
"1648","S3","post","bigFive01"
"1649","S3","post","bigFive02"
"1650","S3","post","bigFive03"
"1651","S3","post","bigFive04"
"1652","S3","post","bigFive05"
"1653","S3","post","bigFive06"
"1654","S3","post","bigFive07"
"1655","S3","post","bigFive08"
"1656","S3","post","bigFive09"
"1657","S3","post","bigFive10"
"1658","S3","post","attachStyle"
"1659","S3","post","attachA"
"1660","S3","post","attachB"
"1661","S3","post","attachC"
"1662","S3","post","attachD"
"1663","S3","post","StudyFeedHonest"
"1664","S3","post","StudyFeedNonPart"
"1665","S3","post","StudyFeedMot"
"1666","S3","post","StudyFeedQuest"
"1667","S3","post","studyContDaily"
"1668","S3","post","studyContRecontact"
